<?xml version = "1.0" encoding = "utf-8"?>
<!DOCTYPE hibernate-configuration SYSTEM 
"http://www.hibernate.org/dtd/hibernate-configuration-3.0.dtd">

<hibernate-configuration>
	<session-factory>
		<!-- JDBC db connection setings -->
		<property name="connection.driver_class">com.mysql.cj.jdbc.Driver</property>
		<property name="connection.url">jdbc:mysql://127.0.0.1:3306/productdetails</property>
		<property name="connection.username">root</property>
		<property name="connection.password"></property>

		<property name="connection.pool_size">1</property>

		<property name="dialect">org.hibernate.dialect.MySQLDialect</property>

		<property name="show_sql">true</property>
		<property name="hibernate.current_session_context_class">thread</property>
		<property name="format_sql">true</property>
		<mapping  class="User"/>
		




	</session-factory>
</hibernate-configuration>